EC,Index,Submitted,Timestamp,Email Address,AuthorFirst,AuthorLast,AuthorSuffix,Section,PDF,Bib,Title,Abstract,Short ID,Manuscript ID,Overleaf link,Preamble code,Affiliation
TRUE,1,1/16/2026,1/29/2026,sfarmer@carthage.edu,Sema'Je Zechariah,Farmer,,Quantum,Farmer_ElectronDiffraction,Farmer2026ElectronDiffraction,Determining the interplanar spacing of graphite using electron diffraction,"When firing a beam of electrons at a crystal lattice, those electrons will diffract. The pattern that forms as a result of that diffraction will depend on and be unique to the crystal structure of the targeted lattice. By combining de Broglie's theory with Bragg's law, a relationship can be derived between the diffraction angle of electrons and their accelerating voltage. This relationship can then be used to determine fundamental structural information about the crystal. Using this method, the inter-planar Spacing for \(d_{100}\) and \(d_{110}\) of graphite were determined to be  \(1.7 \pm 0.1 \) A and \(1.4\pm 0.2 \) A, respectively.",RC007,PIP-412031RC007,https://www.overleaf.com/read/vrpnwqhqcvfb#b37628,,"Department of Physics and Astronomy, Carthage College, 2001 Alford Park Drive, Kenosha, WI 53140, USA"
TRUE,2,1/23/2026,1/29/2026,sfarmer@carthage.edu,Sema'Je Zechariah,Farmer,,Quantum,Farmer_Photoelectric,Farmer2026PhotoElectric,Estimating Planck's constant using the photoelectric effect,"The photoelectric effect occurs when light of a sufficiently high frequency strikes a surface, exciting the electrons on that surface to the point that they are ejected from it. Those ejected electrons are called photoelectrons, which can be collected and sent through a circuit. By measuring the resulting current and the negative voltage required to stop it at various frequencies and intensities, some essential relationships can be established. The first is the relationship between stopping voltage and frequency. This relationship is linear, and using its slope, Planck’s constant was estimated to be 6.5(2) \(\times\) 10\(^{-34}\) Js. The second relationship is between the stopping voltage and intensity. Classical wave theory predicts that an increase in intensity should increase the stopping voltage. In reality, the data shows that the two are entirely unrelated. This result directly contradicts wave theory, supporting theories of light’s particle-like behavior and the existence of photons.",RC011,PIP-412011RC011,https://www.overleaf.com/read/rgtcdjqxfmys#3fdd8f,,"Department of Physics and Astronomy, Carthage College, 2001 Alford Park Drive, Kenosha, WI 53140, USA"
FALSE,3,1/29/2026,1/29/2026,blarsen@carthage.edu,Braedon,Larsen,,Electron properties,Larsen_Millikan,Larsen2026Millikan,When ionized oil proved quantization: data analysis techniques in ionized drops of oil for determining electron charge,"The charge on an electron is also referred to as the elementary charge e and is the quantum for the charge on a particle. Because of the quantization, charge on a particle will be an integer multiple of the elementary charge. By recording the velocities of ionized oil drops when naturally falling and when under the influence of a known electric field, then normalizing these charges, their existence as integer multiples of a single value can be seen. This value is the elementary charge and through the analysis done in this report was found to be \(e\) = (1.569 \(\pm\) .0913) \(\times\) 10\(^{-19}\) C",RC020,PIP-412048RC020,https://www.overleaf.com/read/rbrhtffjxhhq#674ed0,,"Department of Physics and Astronomy, Carthage College, 2001 Alford Park Drive, Kenosha, WI 53140, USA"
FALSE,4,1/16/2026,1/29/2026,blarsen@carthage.edu,Braedon,Larsen,,Electron properties,Larsen_EoverM,Larsen2026EoverM,The charged family: verifying and quantizing electrons using electromagnetic forces,"When exposed to a magnetic field, charged particles such as electrons experience a force. If that particle is also moving at the time that force becomes a force known as a Lorentz force, which for the case of a magnetic field generated by a Helmholtz coil, will cause electrons to engage in cyclotron motion. Determining the radius of this motion and knowing the velocity and magnetic field strength can allow the charge to mass ratio to determined. As the average radius of motion and the square root of accelerating voltage over the magnetic field strength has a linear relationship that is proportional to the ratio of electron charge and mass. The determined ratio was found to be Ratio = (1.004 \(\pm\) .2509) \(\times\) 10\(^{11}\) C/kg .",RC006,PIP-412014RC006,https://www.overleaf.com/read/hxqswppmzggh#9c046c,,"Department of Physics and Astronomy, Carthage College, 2001 Alford Park Drive, Kenosha, WI 53140, USA"
FALSE,8,1/16/2026,1/30/2026,bvelmont@carthage.edu,Brookelyn,Velmont,,Waves and optics,BV_SimplePendulum,Velmont2026Pendulum,Getting swingy with it: determining gravity using a simple pendulum,"This experiment uses a simple pendulum to measure the acceleration due to gravity. This is done by timing the pendulum’s oscillations for several different string lengths. For small release angles, the motion of the pendulum can be approximated as simple harmonic motion, leading to the linear relationship between the period of oscillation and the square root of the length of the pendulum. The time for ten oscillations was measured for multiple trials for ten different lengths. A weighted linear fit of period versus the square root of length was used, whose slope was proportional to \(g\). This gave \(g\) = 10.01 \(\pm\) 0.04m/s\(^2\). This value is slightly larger than the accepted value, likely due to systematic timing uncertainties. The results clearly follow the expected linear relationship.",RC003,PIP-412047RC003,https://www.overleaf.com/read/vjbgnfhtdjst#92c833,"\documentclass[reprint,amsmath,amssymb,aps,prb,nofootinbib,floatfix]{revtex4-2}
\bibliographystyle{apsrev4-2}
\usepackage{graphicx} % Required for inserting images
\usepackage{mathtools} % Useful for a bunch of math stuff
\usepackage{cleveref} % Use for better cross-references
\usepackage[caption=false]{subfig} % For sub-figures
\usepackage{booktabs} % For nicer looking tables
\usepackage[twoside]{fancyhdr}","Department of Physics and Astronomy, Carthage College, 2001 Alford Park Drive, Kenosha, WI 53140, USA"
FALSE,6,1/23/2026,1/30/2026,bvelmont@carthage.edu,Brookelyn,Velmont,,Waves and optics,BV_Interferometer,Velmont2026Interferometer,Riding the wave: determining laser wavelength using a Michelson interferometer,"The wavelength of a helium-neon gas laser was determined using a Michelson interferometer by relating mirror displacement to interference fringe shifts. As the movable mirror was displaced, the number of fringe shifts m was counted and the corresponding mirror displacement d was recorded. Plotting d as a function of m revealed a linear relationship, where the slope corresponds to half the wavelength of the light. Using this result, the wavelength was determined to be 653(6)nm.",RC009,PIP-412022RC009,https://www.overleaf.com/read/wyqkkpmdjhxb#a4b07d,"\documentclass[reprint,amsmath,amssymb,aps,prb,nofootinbib,floatfix]{revtex4-2}
\bibliographystyle{apsrev4-2}
\usepackage{graphicx} % Required for inserting images
\usepackage{mathtools} % Useful for a bunch of math stuff
\usepackage{cleveref} % Use for better cross-references
\usepackage[caption=false]{subfig} % For sub-figures
\usepackage{booktabs} % For nicer looking tables
\usepackage[twoside]{fancyhdr}
\usepackage{siunitx}","Department of Physics and Astronomy, Carthage College, 2001 Alford Park Drive, Kenosha, WI 53140, USA"
FALSE,9,1/29/2026,1/30/2026,bvelmont@carthage.edu,Brookelyn,Velmont,,Waves and optics,BV_CoupledPendulum,Velmont2026Normal,It takes two: finding the normal modes in a coupled pendulum system,"The normal modes of a system of two coupled pendulums were determined by using angular displacement data recorded with rotary motion sensors. As the pendulums oscillated, the angular displacements were measured simultaneously and used to construct a covariance matrix describing their correlated motion. Diagonalization of this covariance matrix revealed two independent mode coordinates corresponding to in-phase and out-of-phase oscillations. Projection of the experimental data onto these mode coordinates produced a clear separation of the system’s behaviors, with the in-phase mode dominating the motion.",RC025,PIP-412058RC025,https://www.overleaf.com/read/wnnrmswppkpy#100dcb,"\documentclass[reprint,amsmath,amssymb,aps,prb,nofootinbib,floatfix]{revtex4-2}
\bibliographystyle{apsrev4-2}
\usepackage{graphicx} % Required for inserting images
\usepackage{mathtools} % Useful for a bunch of math stuff
\usepackage{cleveref} % Use for better cross-references
\usepackage[caption=false]{subfig} % For sub-figures
\usepackage{booktabs} % For nicer looking tables
\usepackage[twoside]{fancyhdr}
\usepackage[separate-uncertainty=true]{siunitx}","Department of Physics and Astronomy, Carthage College, 2001 Alford Park Drive, Kenosha, WI 53140, USA"
TRUE,5,1/29/2026,2/1/2026,sfarr@carthage.edu,Skylar,Farr,,Waves and optics,Farr_Interferometer,Farr2026Dispersion,Dispersing doubt: how wavelength affects refraction,"A comparison of the index of refraction of two lasers as refracted through the same media will result in the dispersion. By using the Michelson Interferometer experiment to find the wavelengths of various lasers and a semi-cylindrical prism to calculate the indices, the different of the two indices can be taken to get the dispersion of the two different wavelengths from the lasers. The calculated dispersion was 0.014 \(\pm\) 0.13. This dispersion is consistent with what would be expected from only two separate lasers that were not many wavelengths apart. Given more options for laser colors to analyze, the data would be a lot more accurate.",RC024,PIP-412038RC024,https://www.overleaf.com/read/qzrsykfndxbq#20a80e,"\documentclass[reprint,amsmath,amssymb,aps,prb,nofootinbib,floatfix]{revtex4-2}
\bibliographystyle{apsrev4-2}
\usepackage{graphicx} % Required for inserting images
\usepackage{mathtools} % Useful for a bunch of math stuff
\usepackage{cleveref} % Use for better cross-references
\usepackage[caption=false]{subfig} % For sub-figures
\usepackage{booktabs} % For nicer looking tables
\usepackage[twoside]{fancyhdr}
\usepackage{gensymb}
\usepackage{siunitx} % for formating a value with a variable
\usepackage{xcolor} % allows you to add colored text


% These are packages I am using in this document
\usepackage{verbatim}
\usepackage{lipsum}


\newcommand{\blah}[1]{\left\langle #1 \right\rangle}

\usepackage{float} %holds pictures in place with [H]","Department of Physics and Astronomy, Carthage College, 2001 Alford Park Drive, Kenosha, WI 53140, USA"
FALSE,7,1/28/2026,2/2/2026,sfarr@carthage.edu,Skylar,Farr,,Waves and optics,Farr_Lloyd,Farr2026Lloyd,Reflecting on microwaves with Lloyd's mirror.,"The wavelength of a microwave transmitter was determined by using a method of interferometry called Lloyd's Mirror. This method consists of a transmitter, reflector, and a receiver. By relating the total path a wave travels, to the distance of a reflector away from the wave, the wavelength of said microwave can be calculated using a linear regression. Two sets of data taken are consistent in showing distance does not change wavelength despite the imprecision of the results when compared to the recorded wavelength of the microwave transmitter. Outside influences creating additional reflection are likely the cause of this imprecision.",RC017,PIP-412055OA017,https://www.overleaf.com/read/kbbcsszsxfkt#dc2138,"\documentclass[reprint,amsmath,amssymb,aps,prb,nofootinbib,floatfix]{revtex4-2}
\bibliographystyle{apsrev4-2}
\usepackage{graphicx} % Required for inserting images
\usepackage{mathtools} % Useful for a bunch of math stuff
\usepackage{cleveref} % Use for better cross-references
\usepackage[caption=false]{subfig} % For sub-figures
\usepackage{booktabs} % For nicer looking tables
\usepackage[twoside]{fancyhdr}
\usepackage{gensymb}
\usepackage{siunitx} % for formating a value with a variable


% These are packages I am using in this document
\usepackage{verbatim}
\usepackage{lipsum}


\newcommand{\blah}[1]{\left\langle #1 \right\rangle}

\usepackage{float} %holds pictures in place with [H]","Department of Physics and Astronomy, Carthage College, 2001 Alford Park Drive, Kenosha, WI 53140, USA"
